Name	Phone	Site	Adresse	Activité
 Clovis Location Locatrans VI Franchisé indépendant 	04 74 45 82 80 		 506 rte de Strasbourg, 01440 VIRIAT	 location de camions, de véhicules industriels 
 Iveco Garage Chaumontet Agent 	04 50 48 15 79 , 04 50 56 01 22 		 49 av Saint Exupéry, 01200 BELLEGARDE SUR VALSERINE	 garages poids lourds 
 Iveco Garage Chaumontet Agent 	04 50 42 19 78 		 304 r Salève, 01630 SAINT GENIS POUILLY	 garages poids lourds 
 Clovis Location Locatrans VI Franchisé indépendant 	04 74 45 82 80 		 506 rte de Strasbourg, 01440 VIRIAT	 location de camions, de véhicules industriels 
 Cayon Groupe 	04 74 45 30 20 		 zone artisanale Saint Amouze, 01250 MONTAGNAT	 location de camions, de véhicules industriels 
 Clovis Location Locatrans VI Franchisé indépendant  	04 74 45 82 80 		 parc Entreprise, ZI, 01120 MONTLUEL	 location de camions, de véhicules industriels 
 Gonnet R Et Fils SARL 	04 74 21 03 82 , 04 74 32 06 65 		 511 all Thioudet, 01960 PÉRONNAS	 garages poids lourds 
 Millon (SAS) 	04 74 23 48 83 , 04 74 23 51 45 		 zone artisanale Saint Amouze, 01250 MONTAGNAT	 location de camions, de véhicules industriels 
 Iveco Garage Chaumontet Agent 	09 72 57 68 57 , 04 74 76 04 43 		 144 imp des fougères, ZI Ouest Champagne, 01580 IZERNORE	 garages poids lourds 
 Iveco Serma Poids Lourds Distrib. agréé 	04 74 23 19 55 , 04 74 23 83 09 , 04 74 23 83 01 		 r de la Craz, CS 50030, 01442 VIRIAT CEDEX	 garages poids lourds 
 Millon (SAS) 	04 74 23 51 45 		 chem Pognat, 01460 BRION	 location de camions, de véhicules industriels 
 Mercedes-Benz Etoile 01 Concessionnaire 	04 74 22 65 46 		 24 av du Maréchal Juin, 01000 BOURG EN BRESSE	 agents, concessionnaires, succursales de camions, de véhicules industriels,  garages poids lourds 
 Caillot Dépannage Poids Lourds 	 07 83 27 29 44 		 180 r Charollaise, 01440 VIRIAT	 agents, concessionnaires, succursales de camions, de véhicules industriels 
 Serma Poids Lourds BGCI 	 04 74 22 60 47 		 r Craz, 01440 VIRIAT	 garages poids lourds 
 Serma Poids Lourds 	 04 74 23 19 55 		 r Craz, 01440 VIRIAT	 garages poids lourds 
 Iveco Garage Vaissaud et fils (Sarl) Agent 	03 85 30 02 98 , 03 85 30 12 24 		 55 r Moulin Neuf, 01570 FEILLENS	 garages poids lourds 
 Satre Philippe 	04 79 81 72 79 ,  06 12 14 27 66 	 www.satre-location.com ,  satrephilippe.site-solocal.com 	 145 rte Abbaye, 01300 CHAZEY BONS	 location de camions, de véhicules industriels 
 MAN Truck & Bus 	 04 74 22 87 40 	 www.mantruckandbus.fr ,  www.truck.man.eu/fr/fr/index.html 	 71 all Rudolph Diesel, 01440 VIRIAT	 garages poids lourds,  agents, concessionnaires, succursales de camions, de véhicules industriels 
 Lamberet SAS 	03 85 30 85 30 , 03 85 30 51 88 	 www.facebook.com/lamberetfrance/?fref=ts ,  www.lamberet.fr ,  lamberet.site-solocal.com 	 ld Teppes 129 rte Vonnas, 01380 SAINT CYR SUR MENTHON	 garages poids lourds,  agents, concessionnaires, succursales de camions, de véhicules industriels 
 Station Service Total - Garage Mercedes-Benz VI/VUL 	 04 74 23 12 99 	 www.facebook.com/Total ,  www.total.fr/mes-deplacements/trouver-station ,  www.autobernard.com 	 531 rte Strasbourg, 01440 VIRIAT	 garages poids lourds 
 Alain Pneu (SA) 	 04 74 73 51 88 		 53 crs Verdun, 01100 OYONNAX	 garages poids lourds 
 MAN Truck & Bus 	 04 74 22 87 40 	 www.mantruckandbus.fr ,  www.truck.man.eu/fr/fr/index.html 	 71 all Rudolph Diesel, 01440 VIRIAT	 garages poids lourds,  agents, concessionnaires, succursales de camions, de véhicules industriels 
 Bassigny Poids Lourds S.A.S 	 04 74 23 52 78 	 bassigny-poids-lourds01-truckrepairshop.business.site/ ,  bassigny.com 	 414 r Marius Berliet, 01000 BOURG EN BRESSE	 garages poids lourds 
 BERNARD TRUCKS 	 04 72 25 12 00 	 www.bernardtrucks.com/concession/bernard-trucks-montluel ,  www.bernardtrucks.com 	 zi Parc Entreprises, 01120 MONTLUEL	 agents, concessionnaires, succursales de camions, de véhicules industriels 
 C.M.V.I 	 04 74 75 74 69 	 www.tvi.fr/adresses-adherents.php?dept=01 ,  www.tvi.fr/adherent.html?code=1708 	 zone artisanale Pellants, 01430 SAINT MARTIN DU FRESNE	 garages poids lourds 
 COLOMBEL LOCATION 	 04 74 75 75 16 		 138 r Croix Chalon, 01460 BRION	 camions-grues 
 Bernard Trucks 	 04 74 76 76 03 	 www.bernardtrucks.com/concession/bernard-trucks-st-martin-du-fresne ,  www.bernardtrucks.com 	 zone artisanale Pellants, 01430 SAINT MARTIN DU FRESNE	 garages poids lourds,  agents, concessionnaires, succursales de camions, de véhicules industriels 
 Mercedes Benz Agrico PL Réparateur Agréé 	 04 74 34 92 22 		 1804 rte Genève, 01150 LEYMENT	 garages poids lourds 
 Mercedes Benz S.V.I Réparateur Agréé 	 04 74 76 00 80 		 zone artisanale Pellants, 01430 SAINT MARTIN DU FRESNE	 garages poids lourds 
 Alain Pneu 	 04 74 22 34 51 		 Route De Pont D'ain rte dép 1075, 01250 MONTAGNAT	 garages poids lourds 
 GARAGE VINCENT RELAIS CHATEAU GAILLARD SA 	 04 74 38 02 58 		 15 av Libération, 01500 AMBÉRIEU EN BUGEY	 garages poids lourds 
 RBM Rolfo 	04 74 35 55 46 , 04 74 35 54 00 		 415 chem Eperon, 01160 SAINT MARTIN DU MONT	 construction, importation de véhicules industriels,  garages poids lourds 
 Dereur Frères 	 04 74 42 53 46 		 rte Départementale 1083 la Maladière, 01240 SAINT PAUL DE VARAX	 garages poids lourds 
 Ponit S GARAGE DE LA PLAINE SARL 	 04 74 61 58 81 	 facebook.com/points.fr ,  www.points.fr ,  www.garage-de-laplaine.fr 	 Parc Industriel De La Plaine De L'ain 140 av Charles de Gaulle, 01150 SAINT VULBAS	 garages poids lourds 
 Laurent Automobile 	 04 69 41 29 40 		 26 av Arsène d'Arsonval, 01000 BOURG EN BRESSE	 garages poids lourds 
 Bernard Trucks 	 04 74 45 82 82 	 www.renault-trucks.net/bernard-trucks-bourg/infos-pratiques_363_1.html?lang=fr ,  www.autobernard.com 	 506 rte Strasbourg, 01440 VIRIAT	 garages poids lourds 
 THERMO KING Froid & Services Bresse 	 03 85 51 94 90 	 www.facebook.com/thermokingfroidetservices ,  www.froid-services.fr 	 135 all Teppes, 01380 SAINT CYR SUR MENTHON	 agents, concessionnaires, succursales de camions, de véhicules industriels 
 Solumat 			 Zone Industrielle Les Bergeries 180 imp Cypres, 01150 SAINT VULBAS	 location de camions, de véhicules industriels 
 Cyril'Locauto 	04 74 75 75 16 , 03 84 33 14 42 		 138 r Croix Chalon, 01460 BRION	 location de camions, de véhicules industriels 
 Sud Est Negoce 	 04 74 61 07 51 		 lot Liattes, 01800 PÉROUGES	 garages poids lourds 
 Sud Est Negoce 	 04 74 61 07 51 		 lot Liattes, 01800 PÉROUGES	 garages poids lourds 
 Cyril'Locauto 	04 74 75 75 16 , 03 84 33 14 42 		 138 r Croix Chalon, 01460 BRION	 location de camions, de véhicules industriels 
 Lanz Location 	 04 72 08 69 69 		 78 all Louis Lumière, 01600 MASSIEUX	 location de camions, de véhicules industriels 
 Nardeau SAS 	04 74 38 09 27 , 04 74 38 09 47 	 www.adoc-nardeau.com/ ,  nardeau.site-solocal.com 	 142 Le Plâtre, 01500 AMBRONAY	 agents, concessionnaires, succursales de camions, de véhicules industriels 
 Locatrans V.I 	 04 74 45 82 80 		 519 av Parme, 01000 BOURG EN BRESSE	 location de camions, de véhicules industriels 
 Renault Trucks - Techniques Poids Lourds TPL 	 04 79 81 16 49 		 zone artisanale Penaye, 01300 CHAZEY BONS	 agents, concessionnaires, succursales de camions, de véhicules industriels,  garages poids lourds 
 Renault Trucks - Techniques Poids Lourds TPL 	 04 79 81 16 49 		 za Penaye, 01300 CHAZEY BONS	 agents, concessionnaires, succursales de camions, de véhicules industriels,  garages poids lourds 
 S.B.C 	04 50 48 68 16 		 49 av Saint Exupéry, 01200 BELLEGARDE SUR VALSERINE	 garages poids lourds 
 Europ'Instal 	 06 31 63 50 07 		 120 Grande Rue, 01290 PONT DE VEYLE	 garages poids lourds 
 Clovis Location Locatrans VI Franchisé indépendant 	 04 74 45 82 80 	 www.facebook.com/clovislocation ,  www.clovislocation.com/fr/agence/nantua_age203_e514.htm ,  www.clovislocation.com 	 zone artisanale Pellants, 01430 SAINT MARTIN DU FRESNE	 location de camions, de véhicules industriels 
 V-i-m-s . Véhicules Industriels Mancuso Salvatore 	 04 74 34 01 64 		 Coutelieu, 01500 AMBRONAY	 garages poids lourds 
 Meca Poids Lourd 	 06 52 28 78 53 		 88 chem Lône, 01700 MIRIBEL	 garages poids lourds 
 Lamberet 	 04 74 50 90 20 		 445 av Gare, 01540 VONNAS	 garages poids lourds 
  Garage R.M.A Domingo 	 04 74 77 96 96 		 chem Caserne, 01100 BELLIGNAT	 garages poids lourds 
 Duclos Stéphane 	 04 74 32 20 48 		 les Creuzes, 01400 ROMANS	 location de camions, de véhicules industriels 
 DSR 	 04 74 75 67 73 		 1096 rte Grands Moulins, 01430 MAILLAT	 garages poids lourds 
 Tplt 	 04 74 30 88 54 		 Za r Serves, 01340 MONTREVEL EN BRESSE	 location de camions, de véhicules industriels 
 Marthoud ETS 	 04 74 34 96 75 		 rte Genève, 01150 LEYMENT	 location de camions, de véhicules industriels 
 CO Froid 01 	 04 74 23 34 51 		 6 r Barthélemy Thimonnier, 01000 BOURG EN BRESSE	 garages poids lourds 
 SOTRAMEK 	 06 65 55 38 80 		 63 r Castellion, 01100 OYONNAX	 location de camions, de véhicules industriels 
 France Poids Lourds 01 	 04 74 36 59 89 		 250 r Charles de Gaulle, 01500 CHÂTEAU GAILLARD	 garages poids lourds 
 Marthoud ETS 	 04 74 34 96 75 		 rte Genève, 01150 LEYMENT	 location de camions, de véhicules industriels 
 Renault Trucks Centre d'Essais 	 04 72 25 95 34 		 rte Chanes, 01360 BÉLIGNEUX	 construction, importation de véhicules industriels 
 CO Froid 01 	 04 74 23 34 51 		 6 r Barthélemy Thimonnier, 01000 BOURG EN BRESSE	 garages poids lourds 
 DSR 	 04 74 75 67 73 		 1096 rte Grands Moulins, 01430 MAILLAT	 garages poids lourds 
 V-i-m-s . (Véhicules Industriels Mancuso Salvatore) 	 04 74 34 01 64 		 Coutelieu, 01500 AMBRONAY	 garages poids lourds 
 SOTRAMEK 	 06 65 55 38 80 		 63 r Castellion, 01100 OYONNAX	 location de camions, de véhicules industriels 
 S.B.C (SARL) 	04 74 76 02 55 		 5 r des Narcisses, 01460 PORT	 garages poids lourds 
 ENC Européenne de Négoce et de Conseil 	 04 78 55 69 85 		 Rhône Alpes 169 r Jacquetières, 01700 BEYNOST	 agents, concessionnaires, succursales de camions, de véhicules industriels 
 Tplt 	 04 74 30 88 54 		 Za r Serves, 01340 MONTREVEL EN BRESSE	 location de camions, de véhicules industriels 
 Europ'Instal 	 06 31 63 50 07 		 120 Grande Rue, 01290 PONT DE VEYLE	 garages poids lourds 
 Lamberet 	 04 74 50 90 20 		 445 av Gare, 01540 VONNAS	 garages poids lourds 
 Iveco Calade Poids Lourds Agent officiel 	04 74 68 67 75 , 04 74 60 68 60 		 22 r Alexandre Richetta, 69400 VILLEFRANCHE SUR SAÔNE	 garages poids lourds 
 Carrosserie Capelli SAS 	03 85 27 09 50 , 03 85 27 09 51 		 zi Bois Bernoux, 71290 CUISERY	 agents, concessionnaires, succursales de camions, de véhicules industriels,  garages poids lourds 
 MG Attelage (Marcel Grison) 	04 78 33 11 16 , 04 78 33 44 46 		 31 av Béranger, 69130 ECULLY	 pièces pour camions, autocars 
 Mercedes-Benz SVI 74 Groupe Huillier 	04 50 275 700 , 04 50 275 710 		 5 rte Montava, Z I Argonay, 74370 ARGONAY	 garages poids lourds 
 Mercedes-Benz Occasions Used 1 SVI 74 Groupe Huillier Distributeur 	04 50 275 700 , 04 50 275 710 		 5 rte Montava, Z I Argonay, 74370 ARGONAY	 garages poids lourds 
 PALFINGER Frédéric PIN Concessionnaire Exclusif 	04 78 90 13 14 , 04 78 90 12 67 	 www.facebook.com/PalfingerFrance?fref=ts ,  palfinger.fr ,  www.groupe-frederic-pin.fr/frederic-pin/ 	 15 r Champ Dolin, 69800 SAINT PRIEST	 garages poids lourds,  agents, concessionnaires, succursales de camions, de véhicules industriels 
 Group Prin et Fils 	03 85 44 17 31 		 ZA, 71240 VARENNES LE GRAND	 location de camions, de véhicules industriels 
 PL Maintenance Poids Lourds Maintenance 	04 80 97 00 30 , 06 34 30 45 90 , 04 50 32 67 98 	 www.pl-maintenance.com/ ,  poidslourdsmaintenance.site-solocal.com 	 Zone Industrielle Pont Noir 39 rte Véry, 74330 CHOISY	 garages poids lourds,  location de camions, de véhicules industriels 
 Solaize Poids Lourds 	04 78 46 43 79 , 04 78 46 32 54 	 https://www.solaize-poids-lourds.fr/ ,  solaizepoidslourds.site-solocal.com 	 Za Des Planchettes 1 r Hélène Boucher, 42110 FEURS	 agents, concessionnaires, succursales de camions, de véhicules industriels 
 UNIMOG Cassani Dubois Concessionnaire 	03 81 39 82 00 		 12 r Donnet Zedel, 25300 PONTARLIER	 garages poids lourds 
 Garage Cemavi 	03 23 75 67 67 , 03 23 75 67 68 	 www.garage-cemavi-poids-lourds.fr ,  www.tvi.fr/adherent.html?code=2021 	 8 r Gustave Eiffel, 02200 VILLENEUVE SAINT GERMAIN	 garages poids lourds,  agents, concessionnaires, succursales de camions, de véhicules industriels 
 Aisne Diesel Services 	 03 23 67 56 98 	 www.top-truck.fr/distributeur/distributeur-aisne-02/aisne-diesel-services-point-de-vente-st-quentin-8 ,  www.aisnedieselservices.fr 	 r Antoine Parmentier, 02100 SAINT QUENTIN	 garages poids lourds 
 Leleu V I 	 09 67 36 98 78 		 Zone Industrielle Le Royeux r Gustave Eiffel, 02430 GAUCHY	 agents, concessionnaires, succursales de camions, de véhicules industriels,  garages poids lourds 
 Leleu Et Cie (SA) 	 03 23 08 58 58 		 zi Royeux, 02430 GAUCHY	 agents, concessionnaires, succursales de camions, de véhicules industriels,  garages poids lourds 
 Iveco Leleu V.I. (SAS) Distributeur 	03 23 08 58 58 , 03 23 68 33 40 		 zi Royeux St Quentin, 02430 GAUCHY	 garages poids lourds 
 Leleu V I 	 03 23 68 33 40 		 zi Royeux, 02430 GAUCHY	 agents, concessionnaires, succursales de camions, de véhicules industriels,  garages poids lourds 
 Mercedes-Benz Gorrias Laon 	 03 23 28 60 00 		 r Condillac, 02000 LAON	 garages poids lourds 
 Sovim SA 	 03 23 50 32 32 		 Place Du 8 Mai rte Chauny, 02430 GAUCHY	 agents, concessionnaires, succursales de camions, de véhicules industriels 
 Mercedes-Benz Gorrias Saint-Quentin 	 03 23 06 60 00 		 Zac Bois De La Chocque 9 r Archimède, 02100 SAINT QUENTIN	 garages poids lourds 
 Volvo Truck Center Nord Picardie 	 03 23 62 79 89 		 zi Rouvroy, 02100 SAINT QUENTIN	 garages poids lourds 
 Aisne Diesel Services 	 03 23 73 00 13 	 aisnedieselservices.fr ,  www.top-truck.fr/distributeur/distributeur-aisne-0 	 r St Exupéry, 02200 VILLENEUVE SAINT GERMAIN	 garages poids lourds 
 La Haubette Poids Lourds Scania Nord 	03 23 27 13 40 , 03 23 27 13 41 	 https://www.facebook.com/ScaniaenFrance/?ref=page_internal ,  www.scania.com/fr 	 7 r Voltaire, 02000 LAON	 garages poids lourds 
 Munier SAS 	03 23 52 56 04 , 03 23 52 95 77 		 14 r Village, 02300 BEAUMONT EN BEINE	 garages poids lourds 
 Electro Diesel Service 	 03 23 06 62 00 		 Morcourt zi Rouvroy, 02100 MORCOURT	 garages poids lourds 
 Iveco Garage Castel Poids Lourds Agent 	03 23 83 10 24 , 06 83 73 12 75 , 03 23 83 34 98 		 r Champunant, 02400 CHÂTEAU THIERRY	 garages poids lourds 
 Daf Garage Mathieu Poids Lourds Concessionnaire-services 	 03 23 55 21 98 		 zone artisanale Plan de la Croix Rouge, 02210 HARTENNES ET TAUX	 garages poids lourds 
 Electro Diesel Service 	 03 23 06 62 00 		 Morcourt zi Rouvroy, 02100 MORCOURT	 garages poids lourds 
 Aisne Diesel Services 	 03 23 98 60 70 		 Zone Industrielle De L Alouette r Hirson, 02830 SAINT MICHEL	 garages poids lourds 
 Eurobenne Cuipa SA 	 03 23 09 90 90 	 www.eurobenne.fr ,  WWW.EUROBENNE.FR 	 r Commdt Jacques-Y Cousteau, 02100 SAINT QUENTIN	 agents, concessionnaires, succursales de camions, de véhicules industriels 
 Electro Diesel Service (SARL) 	 03 23 20 20 30 		 Lieu Dit Champs Du Roy r Georges Mandel, 02000 LAON	 garages poids lourds 
 Electro Diesel Service (SARL) 	 03 23 20 20 30 		 Lieu Dit Champs Du Roy r Georges Mandel, 02000 LAON	 garages poids lourds 
 Guillummette Ets ETABLISSEMENTS GUILLUMMETTE 	 03 23 75 65 00 		 Zone Industrielle r Moines, 02200 VILLENEUVE SAINT GERMAIN	 garages poids lourds 
 Electro Diesel Service SARL 	 03 23 20 20 30 		 Lieu Dit Champs Du Roy r Georges Mandel, 02000 LAON	 garages poids lourds 
 M.D. Services 	 06 29 84 05 45 		 5 chem Ponceau, 02200 SOISSONS	 garages poids lourds 
 FRAIKIN France 	03 23 62 66 68 , 03 23 64 80 76 		 rte Nationale, 02760 HOLNON	 location de camions, de véhicules industriels 
 Blesmes Poids Lourds SARL 	 03 23 83 57 70 		 40 rte Nationale, 02400 BLESMES	 garages poids lourds 
 Froid Et Applications 	 03 23 39 14 40 		 26 rte Soissons, 02300 CHAUNY	 garages poids lourds 
 Clovis Location Sovim Franchisé indépendant 	 03 23 50 32 32 	 www.facebook.com/clovislocation ,  www.clovislocation.com/fr/agence/saint-quentin_age90_dc8a.htm ,  www.clovislocation.com 	 Che d 8 rte Chauny, 02430 GAUCHY	 location de camions, de véhicules industriels 
  Petit Forestier Location 	 01 41 52 52 52 	 https://www.facebook.com/PetitForestier/ ,  https://www.petitforestier.com/fr-fr 	 Zac Du Parc Des Autoroutes 37 r Alain, 02100 SAINT QUENTIN	 location de camions, de véhicules industriels 
 Beltrami Transports 	 03 23 22 95 87 		 2 r Eglise, 02250 BOSMONT SUR SERRE	 location de camions, de véhicules industriels 
 Clovis Location 	 03 22 33 64 08 	 www.facebook.com/clovislocation/ ,  www.clovislocation.com/fr/agence/saint-quentin_age90_dc8a.htm 	 rte Chauny, 02430 GAUCHY	 location de camions, de véhicules industriels 
 Clovis Location 	 03 23 27 17 27 	 www.facebook.com/clovislocation ,  www.clovislocation.com/fr/agence/laon_age160_45d3.htm ,  www.clovislocation.com 	 Zone Industrielle 21 r Ampère, 02000 LAON	 location de camions, de véhicules industriels 
 Clovis Location Guillummette Franchisé indépendant 	 03 23 75 65 00 	 www.facebook.com/clovislocation ,  www.clovislocation.com/pages/site-clovis-location.asp?id_site=132 ,  www.clovislocation.com/fr/trouver-agence.htm 	 zi Villeneuve Saint Germain, 02204 SOISSONS CEDEX	 location de camions, de véhicules industriels,  agents, concessionnaires, succursales de camions, de véhicules industriels 
 AUTRANS BETON 	 04 67 58 75 00 		 2 chem Certels, 02700 TERGNIER	 location de camions, de véhicules industriels 
 Clovis Location Château-Thierry 	 03 23 83 16 73 	 www.facebook.com/clovislocation ,  www.clovislocation.com/fr/agence/chateau-thierry_age247_a56e.htm ,  www.clovislocation.com/pages/site-clovis-location.asp?id_site=177 	 r Gustave Eiffel, 02400 CHÂTEAU THIERRY	 location de camions, de véhicules industriels 
 Hydrocureur.Fr 	 09 67 78 18 49 	 www.facebook.com/toutpourlepoidslourd ,  hydrocureur.fr 	 50 r Porte de Laon, 02860 BRUYÈRES ET MONTBÉRAULT	 garages poids lourds 
 Alain Bessenay Vehicules Indusdustriels 	 03 23 54 69 32 		 277 r Grands Prés, 02200 BILLY SUR AISNE	 location de camions, de véhicules industriels 
 Aisne Autos Poids-Lourds Service 	 03 23 04 09 27 		 5 r Voltaire, 02430 GAUCHY	 garages poids lourds 
 S.D.L 	 03 23 39 14 43 		 26 rte Soissons, 02300 CHAUNY	 garages poids lourds 
 Braem 	03 28 43 38 38 , 03 28 43 39 39 	 www.braem.be ,  stebraemfreres.site-solocal.com 	 rte Watou, 59114 STEENVOORDE	 garages poids lourds,  agents, concessionnaires, succursales de camions, de véhicules industriels 
 CIGAMM V.I 	04 70 06 95 30 	 www.tvi.fr/adherent.html?code=7029 ,  cigammvi.site-solocal.com 	 65 rte Paris, 03360 MEAULNE	 garages poids lourds,  agents, concessionnaires, succursales de camions, de véhicules industriels 
 Cigamm V.I 	04 70 05 12 03 , 04 70 05 18 79 	 www.tvi.fr/adherent.html?code=7029 ,  cigammvi-meaulne.site-solocal.com 	 Za Pont Des Nautes 15 r Commerce, 03410 SAINT VICTOR	 garages poids lourds 
 Garage Nevers Sud 	02 41 41 32 32 , 04 70 34 22 50 , 04 70 34 22 48 		 Parc Logistique les Gris, 03400 TOULON SUR ALLIER	 garages poids lourds,  agents, concessionnaires, succursales de camions, de véhicules industriels 
 Allo Louez-Moi 	04 70 31 12 69 		 12 all Mesdames, 03200 VICHY	 location de camions, de véhicules industriels 
 Volvo Trucks Relais Poids Lourds Auvergne Concessionnaire 	04 15 82 00 20 		 zone artisanale le larry, 03400 TOULON SUR ALLIER	 garages poids lourds 
 Carrosserie Réparation Tôlerie Peinture - CRTP 	04 70 58 13 27 , 04 70 58 48 05 	 www.crtp-carrosserie.fr ,  carrosseriereparationtoleriepeinture.site-solocal.com 	 r Ancizes, 03300 CREUZIER LE NEUF	 location de camions, de véhicules industriels,  agents, concessionnaires, succursales de camions, de véhicules industriels 
 ATI ALLIER 	04 70 20 33 44 		 15 r Nicolas Rambourg, 03400 YZEURE	 garages poids lourds 
 Garage De L'Avenir 	04 70 07 61 06 	 www.ad.fr/reseau/ad-auto ,  www.le-site-de.com/garage-de-l-avenir-montmarault_91238.html ,  www.ad-auto.fr/reseau/ad-auto/reparateurs/allier/montmarault 	 11 rte Moulins, 03390 MONTMARAULT	 garages poids lourds 
 Point S 	 04 70 42 05 00 	 www.points.fr ,  www.points.fr/centre-points/aps,avermes,00002932.html 	 90 rte Paris, 03000 AVERMES	 garages poids lourds 
 Auto Truck Industrie Allier (ATI 03) 	 04 70 20 33 44 		 15 r Nicolas Rambourg, 03400 YZEURE	 garages poids lourds 
 Laurent Père et Fils SAS 	 04 70 45 42 07 		 36 r Pierre et Marie Curie, 03500 SAINT POURÇAIN SUR SIOULE	 garages poids lourds 
 LNT 	 04 70 05 88 99 	 facebook.com/points.fr ,  www.points.fr ,  www.points.fr/centre-points/lnt,montlucon,00002752.html 	 54 r Pasquis, 03100 MONTLUÇON	 garages poids lourds 
 Martenat Nord Auvergne Concessionnaire Iveco 	 04 70 98 08 63 	 fr-fr.facebook.com/OpelFR ,  www.martenat.fr ,  www.martenat.fr/implantation/auvergne 	 r Thomassins, 03300 CREUZIER LE VIEUX	 agents, concessionnaires, succursales de camions, de véhicules industriels 
 Transports Bourrat 	 04 70 48 12 12 		 Zi r Cheminots, 03400 YZEURE	 location de camions, de véhicules industriels 
 Mercedes-Benz 	 04 70 46 89 42 	 www.cea.mercedes-benz.fr ,  www.mercedes-benz.fr 	 Sortie 44 Zone Commerciale Avermes Cap Nord, 03000 AVERMES	 garages poids lourds 
 Carrosserie Industrielle Billaud 	04 70 90 02 59 , 06 68 67 82 33 , 04 70 90 25 22 		 48 av Pierre Mendès France, 03800 GANNAT	 agents, concessionnaires, succursales de camions, de véhicules industriels 
 Transports Julien 	04 70 58 29 65 , 09 77 62 26 14 , 04 70 58 29 45 	 www.transports-julien.com ,  transportsjulien.site-solocal.com 	 zi Coquet, 03260 SAINT GERMAIN DES FOSSÉS	 location de camions, de véhicules industriels 
 Garage Mercedes-Benz Sevi 03 	04 73 26 33 90 		 2 r Romainville, 03300 CUSSET	 garages poids lourds 
 Garage Allier Poids Lourds 	 04 70 35 41 41 		 20 r Nicolas Rambourg, 03400 YZEURE	 garages poids lourds 
 Garage Allier Poids Lourds 	 04 70 35 41 41 		 20 r Nicolas Rambourg, 03400 YZEURE	 garages poids lourds 
 Electric Omnia JMG 	 04 70 98 29 19 		 23 bd Alsace Lorraine, 03300 CUSSET	 garages poids lourds 
 Garage Allier Poids Lourds 	 04 70 35 41 41 		 20 r Nicolas Rambourg, 03400 YZEURE	 garages poids lourds 
 Transports Julien 	04 70 58 29 65 , 09 77 62 26 14 , 04 70 58 29 45 	 www.transports-julien.com ,  transportsjulien.site-solocal.com 	 zi Coquet, 03260 SAINT GERMAIN DES FOSSÉS	 location de camions, de véhicules industriels 
 Garage Allier Poids Lourds 	 04 70 35 41 41 		 20 r Nicolas Rambourg, 03400 YZEURE	 garages poids lourds 
 Renault Trucks - Faurie Moulins - GROUPE FAURIE 	 04 70 44 42 55 	 https://www.facebook.com/clovislocation/ ,  www.clovislocation.com/fr/agence/moulins_age205_04dd.htm ,  www.renault-trucks.net 	 Zac Avermes Cap Nord Rd 707 rte Paris, 03000 AVERMES	 garages poids lourds,  location de camions, de véhicules industriels 
 Volvo Trucks Relais Poids Lourds Auvergne Concessionnaire 	04 15 82 00 20 		 zone artisanale le larry, 03400 TOULON SUR ALLIER	 agents, concessionnaires, succursales de camions, de véhicules industriels 
 Garage Poids Lourds Estivareilles 	04 70 06 00 28 		 4 r Paris, 03190 ESTIVAREILLES	 garages poids lourds 
 Garage Déchet SARL 	 04 70 45 77 77 		 24 rte Batelliere, 03500 PARAY SOUS BRIAILLES	 garages poids lourds 
 Laurent Père et Fils SAS 	 04 70 34 07 84 	 magasin.laurent-automobile.fr/771779-laurent-automobile-moulins ,  www.laurent-automobile.fr 	 109 rte Lyon, 03000 MOULINS	 garages poids lourds 
 Désormière Frères 	 04 70 99 19 68 		 68 av 8 Mai 1945, 03120 LAPALISSE	 garages poids lourds 
 Man Sbvs 	 04 70 44 66 15 		 Zone Industrielle 12 Rancy, 03400 YZEURE	 agents, concessionnaires, succursales de camions, de véhicules industriels 
 Garage Poids Lourds Estivareilles 	04 70 06 00 28 		 4 r Paris, 03190 ESTIVAREILLES	 garages poids lourds 
 Renault Trucks - Faurie Vichy - GROUPE FAURIE 	 04 70 58 40 40 	 www.facebook.com/clovislocation ,  www.clovislocation.com/fr/agence/vichy_age139_ac19.htm ,  www.clovislocation.com 	 zac Ancises, 03300 CREUZIER LE NEUF	 garages poids lourds,  location de camions, de véhicules industriels 
 Petit Forestier Location 	 04 70 51 97 96 	 www.facebook.com/PetitForestier ,  www.petitforestier.com ,  www.petitforestier.com/fr/fr_fr 	 Zone Industrielle De Montmarault rte Moulins, 03390 MONTMARAULT	 location de camions, de véhicules industriels 
 Relais Poids Lourds Auvergne 	 04 15 82 00 20 		 za Larry, 03400 TOULON SUR ALLIER	 construction, importation de véhicules industriels 
 Allo Louez-Moi 	04 70 99 17 22 		 50 av du 8 Mai 1945, 03120 LAPALISSE	 location de camions, de véhicules industriels 
 Sevi 63 	 04 70 31 14 48 		 21 r Romainville, 03300 CUSSET	 garages poids lourds 
 SEVI 03 	 04 70 31 14 48 		 21 Bis r Romainville, 03300 CUSSET	 garages poids lourds 
 Travaux Publics Coulon TPC 	06 71 04 26 95 		 14 Bis r Grand Champ, 03110 SAINT RÉMY EN ROLLAT	 location de camions, de véhicules industriels 
 Clovis Location Moulins 	 04 70 44 42 55 		 rte Nationale 7, 03000 AVERMES	 location de camions, de véhicules industriels 
 Guipont Véhicules Industriels 	 04 70 90 37 63 	 www.top-truck.fr/distributeur/distributeur-allier-03/garage-gvi-point-de-vente-gannat-988 ,  garage-gvi.fr 	 3 r Font Rolla, 03800 GANNAT	 garages poids lourds 
 Garage Déchet 	 04 70 07 28 64 		 Chez Transp Larvaron 9 Bis r Cernes, 03430 COSNE D'ALLIER	 garages poids lourds 
 Cesset Poids Lourds 	 04 70 45 40 79 		 zi Carmone, 03500 SAINT POURÇAIN SUR SIOULE	 garages poids lourds 
 Financière Bongard 	 04 70 34 22 48 		 les Gris, 03400 TOULON SUR ALLIER	 garages poids lourds 
 Clovis Location 	 04 70 44 42 55 		 ZAC des Ancises Vichy, 03200 VICHY	 location de camions, de véhicules industriels 
 Ricordeau Bernard 	 04 70 32 41 91 		 1 chem Font Parrot, 03800 BIOZAT	 location de camions, de véhicules industriels 
 URALDE LOGISTIQUE SAS 	 04 70 30 87 21 		 17 r Romainville, 03300 CUSSET	 location de camions, de véhicules industriels 
